{
  "bounds": [
    [
      41.67249999999999,
      -95.16
    ],
    [
      56.87,
      -74.34249999999999
    ]
  ],
  "vmin": 4.107,
  "vmax": 9.581,
  "vmean": 6.75,
  "image": "wind_speed_overlay.png",
  "width": 1640,
  "height": 1855,
  "cmap": "RdYlGn"
}